,ParkName,ParkType,Region,State,Year,Month,RecreationVisits,RecreationHours,TentCampers,RVCampers,Backcountry,RecreationVisitsTotal,RecreationHoursTotal,TentCampersTotal,RVCampersTotal,BackcountryTotal
383,Acadia NP,National Park,Northeast ,ME,2010,12,9544,57262,0,0,0,2504208,12827516,121287,28821,974
395,Acadia NP,National Park,Northeast ,ME,2011,12,11343,68057,0,0,0,2374645,12101384,117879,27519,1157
407,Acadia NP,National Park,Northeast ,ME,2012,12,11307,67843,0,0,0,2431052,12458831,124482,26760,1316
419,Acadia NP,National Park,Northeast ,ME,2013,12,7540,45242,60,0,0,2254922,11347331,114753,29025,1166
431,Acadia NP,National Park,Northeast ,ME,2014,12,13510,81058,0,0,0,2563129,13085317,126474,33369,1230
443,Acadia NP,National Park,Northeast ,ME,2015,12,13880,83282,0,0,0,2811184,14452151,135000,32094,1233
455,Acadia NP,National Park,Northeast ,ME,2016,12,14111,84665,0,0,0,3303393,22698596,152811,46629,1324
467,Acadia NP,National Park,Northeast ,ME,2017,12,12084,72504,0,0,0,3509271,24014370,152586,55812,1597
479,Acadia NP,National Park,Northeast ,ME,2018,12,12692,76154,0,0,0,3537575,23613754,144744,58215,1472
491,Acadia NP,National Park,Northeast ,ME,2019,12,12865,77191,0,0,0,3437286,23195664,140985,57696,1284
875,Arches NP,National Park,Intermountain ,UT,2010,12,12938,50608,370,113,9,1014405,4173920,23616,15478,923
887,Arches NP,National Park,Intermountain ,UT,2011,12,15562,64541,490,242,12,1040758,4344187,26264,16643,1192
899,Arches NP,National Park,Intermountain ,UT,2012,12,18302,62855,218,113,0,1070577,4397956,27002,14742,851
911,Arches NP,National Park,Intermountain ,UT,2013,12,20924,68753,149,98,2,1082866,4432558,27705,14431,953
923,Arches NP,National Park,Intermountain ,UT,2014,12,26511,93622,338,154,11,1284767,5005854,25252,15436,1211
935,Arches NP,National Park,Intermountain ,UT,2015,12,27273,96228,319,271,10,1399247,5420170,27158,16565,1208
947,Arches NP,National Park,Intermountain ,UT,2016,12,33290,112944,408,137,0,1585718,6049250,28046,18658,1174
959,Arches NP,National Park,Intermountain ,UT,2017,12,44325,141697,202,161,1,1539028,4672677,1426,826,65
971,Arches NP,National Park,Intermountain ,UT,2018,12,41879,136735,242,216,4,1663557,5906859,17938,16157,368
983,Arches NP,National Park,Intermountain ,UT,2019,12,39381,132524,281,230,2,1659702,5912819,17523,16290,405
1367,Badlands NP,National Park,Midwest ,SD,2010,12,8150,32334,4,0,0,977778,4251417,3542,783,1658
1379,Badlands NP,National Park,Midwest ,SD,2011,12,12511,48854,0,0,5,870741,3930808,2645,464,1578
1391,Badlands NP,National Park,Midwest ,SD,2012,12,12412,49220,23,0,7,883406,3955172,2182,350,979
1403,Badlands NP,National Park,Midwest ,SD,2013,12,8002,31571,19,11,0,892372,4158056,9318,2071,1429
1415,Badlands NP,National Park,Midwest ,SD,2014,12,10820,42488,0,19,5,868094,4106567,8622,2740,1419
1427,Badlands NP,National Park,Midwest ,SD,2015,12,12790,50259,0,0,24,989354,4531214,4627,856,1445
1439,Badlands NP,National Park,Midwest ,SD,2016,12,9166,35928,0,0,0,996263,4703459,7934,1500,1410
1451,Badlands NP,National Park,Midwest ,SD,2017,12,9737,38266,4,1,8,1054325,4908225,4930,859,2433
1463,Badlands NP,National Park,Midwest ,SD,2018,12,9737,38034,0,0,5,1008942,4292825,2920,778,2926
1475,Badlands NP,National Park,Midwest ,SD,2019,12,8877,34777,3,1,7,970998,4192793,3490,930,2493
1859,Big Bend NP,National Park,Intermountain ,TX,2010,12,26843,659752,2676,1683,2622,372330,8681727,39257,24522,22712
1871,Big Bend NP,National Park,Intermountain ,TX,2011,12,17593,500411,1967,1742,2168,361862,7913527,36425,19139,16254
1883,Big Bend NP,National Park,Intermountain ,TX,2012,12,17574,511660,2617,1878,2429,292055,7080216,35853,22916,15648
1895,Big Bend NP,National Park,Intermountain ,TX,2013,12,22310,650281,3482,1930,3069,316953,7528114,39547,21962,19378
1907,Big Bend NP,National Park,Intermountain ,TX,2014,12,21373,698580,4533,1888,3667,314102,8033287,47035,21990,24723
1919,Big Bend NP,National Park,Intermountain ,TX,2015,12,29577,788173,1871,2406,4552,381747,9504644,53963,24420,32435
1931,Big Bend NP,National Park,Intermountain ,TX,2016,12,32947,945563,7025,3059,5668,388290,10278521,64593,27385,41793
1943,Big Bend NP,National Park,Intermountain ,TX,2017,12,41064,1110792,6817,3584,4735,440276,11005448,65446,33529,42555
1955,Big Bend NP,National Park,Intermountain ,TX,2018,12,42827,948398,3638,3216,1761,440091,10353573,55863,33209,23858
1967,Big Bend NP,National Park,Intermountain ,TX,2019,12,45965,1172004,6521,4903,3280,463832,10496353,54402,28845,23320
2351,Biscayne NP,National Park,Southeast ,FL,2010,12,20409,104930,582,0,0,467612,1707680,4064,0,0
2363,Biscayne NP,National Park,Southeast ,FL,2011,12,26675,125432,616,0,0,476077,1763868,4552,0,0
2375,Biscayne NP,National Park,Southeast ,FL,2012,12,30157,90471,0,0,0,495613,1712156,3462,0,0
2387,Biscayne NP,National Park,Southeast ,FL,2013,12,24566,95009,296,0,0,486848,1637011,2436,0,0
2399,Biscayne NP,National Park,Southeast ,FL,2014,12,33083,116098,214,0,0,525745,1730164,2044,0,0
2411,Biscayne NP,National Park,Southeast ,FL,2015,12,25304,88080,154,0,0,508164,1672449,1860,0,0
2423,Biscayne NP,National Park,Southeast ,FL,2016,12,28738,109471,298,0,0,514709,1713035,2522,0,0
2435,Biscayne NP,National Park,Southeast ,FL,2017,12,35308,127235,266,0,0,446961,1529665,2452,0,0
2447,Biscayne NP,National Park,Southeast ,FL,2018,12,35132,105685,4,0,0,469253,1573531,2119,0,0
2459,Biscayne NP,National Park,Southeast ,FL,2019,12,60403,182912,10,0,0,708522,2205175,238,0,0
2843,Black Canyon of the Gunnison NP,National Park,Intermountain ,CO,2010,12,5396,10577,11,8,0,176344,985916,8165,7089,1146
2855,Black Canyon of the Gunnison NP,National Park,Intermountain ,CO,2011,12,3986,11463,8,14,4,168336,1024767,9919,7568,631
2867,Black Canyon of the Gunnison NP,National Park,Intermountain ,CO,2012,12,3853,9958,0,19,0,192570,1141549,10057,8979,666
2879,Black Canyon of the Gunnison NP,National Park,Intermountain ,CO,2013,12,4138,12083,8,6,0,175852,1072655,9949,8306,575
2891,Black Canyon of the Gunnison NP,National Park,Intermountain ,CO,2014,12,3679,7965,14,0,2,183045,1051737,9685,7369,390
2903,Black Canyon of the Gunnison NP,National Park,Intermountain ,CO,2015,12,4670,12317,11,0,0,209166,1226426,12490,8619,1090
2915,Black Canyon of the Gunnison NP,National Park,Intermountain ,CO,2016,12,5717,12988,25,6,0,238018,1595539,19070,11878,1936
2927,Black Canyon of the Gunnison NP,National Park,Intermountain ,CO,2017,12,3042,8445,53,53,5,307143,1746554,18795,12257,1708
2939,Black Canyon of the Gunnison NP,National Park,Intermountain ,CO,2018,12,3732,8304,30,6,0,308962,1847721,19527,12531,2088
2951,Black Canyon of the Gunnison NP,National Park,Intermountain ,CO,2019,12,5438,13962,14,58,0,432818,2194503,17796,12273,1861
3335,Bryce Canyon NP,National Park,Intermountain ,UT,2010,12,16125,52108,70,72,14,1285492,9419580,39591,52279,1918
3347,Bryce Canyon NP,National Park,Intermountain ,UT,2011,12,21291,68367,110,72,0,1296000,9008216,35527,45014,1702
3359,Bryce Canyon NP,National Park,Intermountain ,UT,2012,12,22470,73274,144,82,14,1385352,9580048,41299,50386,1712
3371,Bryce Canyon NP,National Park,Intermountain ,UT,2013,12,23317,73540,70,72,8,1311875,9178420,37839,48291,1662
3383,Bryce Canyon NP,National Park,Intermountain ,UT,2014,12,29677,96448,139,158,9,1435741,9679041,38054,50005,1449
3395,Bryce Canyon NP,National Park,Intermountain ,UT,2015,12,34368,130122,79,10,4,1745804,11039361,36532,56658,2072
3407,Bryce Canyon NP,National Park,Intermountain ,UT,2016,12,38525,154430,355,110,22,2365110,13615150,38192,62768,2684
3419,Bryce Canyon NP,National Park,Intermountain ,UT,2017,12,49013,190850,338,396,23,2571684,14027927,33492,61386,2414
3431,Bryce Canyon NP,National Park,Intermountain ,UT,2018,12,43962,161078,180,86,0,2679478,13867092,49747,29619,2603
3443,Bryce Canyon NP,National Park,Intermountain ,UT,2019,12,43354,162419,274,166,6,2594904,12705683,30080,23653,1394
3827,Canyonlands NP,National Park,Intermountain ,UT,2010,12,4063,25003,85,70,189,435908,3821727,13730,8019,61368
3839,Canyonlands NP,National Park,Intermountain ,UT,2011,12,5988,36222,164,79,268,473773,3990376,15797,8097,60557
3851,Canyonlands NP,National Park,Intermountain ,UT,2012,12,6587,43475,179,127,454,452952,3769342,14846,7275,58546
3863,Canyonlands NP,National Park,Intermountain ,UT,2013,12,5148,29642,181,89,221,462242,3824426,13013,8073,60691
3875,Canyonlands NP,National Park,Intermountain ,UT,2014,12,8263,46431,140,70,365,542431,4630684,14892,8810,77518
3887,Canyonlands NP,National Park,Intermountain ,UT,2015,12,10328,48586,229,48,98,634607,4821672,13638,8470,74388
3899,Canyonlands NP,National Park,Intermountain ,UT,2016,12,14469,68764,152,151,474,776218,5566971,13513,8288,86227
3911,Canyonlands NP,National Park,Intermountain ,UT,2017,12,13985,73459,176,226,375,742271,5375294,13565,8519,82188
3923,Canyonlands NP,National Park,Intermountain ,UT,2018,12,11920,62502,179,185,311,739449,5301793,13221,10517,78375
3935,Canyonlands NP,National Park,Intermountain ,UT,2019,12,13723,68689,79,130,460,733996,5152749,9135,7785,77695
4319,Capitol Reef NP,National Park,Intermountain ,UT,2010,12,7687,9482,55,25,4,662661,1073223,15996,18955,1652
4331,Capitol Reef NP,National Park,Intermountain ,UT,2011,12,9260,8981,20,27,6,668834,1123186,14771,18434,1504
4343,Capitol Reef NP,National Park,Intermountain ,UT,2012,12,7368,9770,61,38,20,673345,1127335,16733,16976,1810
4355,Capitol Reef NP,National Park,Intermountain ,UT,2013,12,8276,14323,52,30,10,663670,1129956,15213,17565,1981
4367,Capitol Reef NP,National Park,Intermountain ,UT,2014,12,12343,16777,64,70,21,786514,1378190,17147,21285,2081
4379,Capitol Reef NP,National Park,Intermountain ,UT,2015,12,10868,13224,47,86,20,941029,1421877,18334,20695,2593
4391,Capitol Reef NP,National Park,Intermountain ,UT,2016,12,18425,28727,87,58,12,1064904,1604678,19507,20917,2996
4403,Capitol Reef NP,National Park,Intermountain ,UT,2017,12,20266,31538,128,181,38,1150165,1716156,18139,20824,3813
4415,Capitol Reef NP,National Park,Intermountain ,UT,2018,12,16971,19591,144,66,10,1227627,1919904,24822,27143,4048
4427,Capitol Reef NP,National Park,Intermountain ,UT,2019,12,17143,25269,92,85,23,1226519,1909572,25665,23993,4010
4811,Carlsbad Caverns NP,National Park,Intermountain ,NM,2010,12,25693,94368,0,0,3,428524,1675616,0,0,170
4823,Carlsbad Caverns NP,National Park,Intermountain ,NM,2011,12,19915,73018,0,0,15,365000,1419948,0,0,107
4835,Carlsbad Caverns NP,National Park,Intermountain ,NM,2012,12,22874,83860,0,0,17,381058,1479016,0,0,151
4847,Carlsbad Caverns NP,National Park,Intermountain ,NM,2013,12,22904,83830,0,0,10,388566,1512477,0,0,176
4859,Carlsbad Caverns NP,National Park,Intermountain ,NM,2014,12,24170,88068,0,0,1,397309,1530605,0,0,146
4871,Carlsbad Caverns NP,National Park,Intermountain ,NM,2015,12,15936,58222,0,0,4,445720,1739670,0,0,135
4883,Carlsbad Caverns NP,National Park,Intermountain ,NM,2016,12,32175,117460,0,0,10,466773,1808212,0,0,251
4895,Carlsbad Caverns NP,National Park,Intermountain ,NM,2017,12,30973,112980,0,0,6,520026,1995967,0,0,202
4907,Carlsbad Caverns NP,National Park,Intermountain ,NM,2018,12,8945,32882,0,0,4,465912,1796367,0,0,184
4919,Carlsbad Caverns NP,National Park,Intermountain ,NM,2019,12,30591,111768,0,0,7,440691,1687906,0,0,225
5302,Channel Islands NP,National Park,Pacific West ,CA,2010,12,12584,53446,0,0,176,277515,1826552,0,0,37071
5314,Channel Islands NP,National Park,Pacific West ,CA,2011,12,12182,51605,0,0,1128,242756,1660978,0,0,22831
5326,Channel Islands NP,National Park,Pacific West ,CA,2012,12,2131,33264,0,0,275,249594,2154055,0,0,19785
5338,Channel Islands NP,National Park,Pacific West ,CA,2013,12,14332,99424,0,0,489,212029,1635258,0,0,20032
5350,Channel Islands NP,National Park,Pacific West ,CA,2014,12,14819,80404,0,0,515,342161,3525766,0,0,23068
5362,Channel Islands NP,National Park,Pacific West ,CA,2015,12,14801,77701,0,0,223,324816,3311255,0,0,23326
5374,Channel Islands NP,National Park,Pacific West ,CA,2016,12,19288,134530,0,0,499,364807,3465495,0,0,22885
5386,Channel Islands NP,National Park,Pacific West ,CA,2017,12,16746,114579,0,0,400,383687,3932871,0,0,22934
5398,Channel Islands NP,National Park,Pacific West ,CA,2018,12,15365,134384,0,0,334,366250,3725066,0,0,21463
5410,Channel Islands NP,National Park,Pacific West ,CA,2019,12,22062,265216,0,0,648,409630,5411445,0,0,23411
5722,Congaree NP,National Park,Southeast ,SC,2010,12,4831,18332,0,0,26,121208,463241,0,0,1174
5734,Congaree NP,National Park,Southeast ,SC,2011,12,6781,28604,0,0,114,120166,470562,0,0,1176
5746,Congaree NP,National Park,Southeast ,SC,2012,12,6506,26158,0,0,55,109685,436977,0,0,867
5758,Congaree NP,National Park,Southeast ,SC,2013,12,6902,24087,0,0,57,120340,449741,0,0,579
5770,Congaree NP,National Park,Southeast ,SC,2014,12,7069,24248,0,0,19,120122,423544,0,0,460
5782,Congaree NP,National Park,Southeast ,SC,2015,12,6545,20955,0,0,5,87513,336062,0,0,387
5794,Congaree NP,National Park,Southeast ,SC,2016,12,12562,47926,0,0,53,143843,562372,0,0,286
5806,Congaree NP,National Park,Southeast ,SC,2017,12,8468,38564,0,0,89,159595,703583,0,0,1424
5818,Congaree NP,National Park,Southeast ,SC,2018,12,9416,33768,0,0,0,145929,622647,0,0,1023
5830,Congaree NP,National Park,Southeast ,SC,2019,12,10995,41166,0,0,60,159445,670956,0,0,881
6214,Crater Lake NP,National Park,Pacific West ,OR,2010,12,4701,17913,0,0,73,448319,3047840,5778,0,1815
6226,Crater Lake NP,National Park,Pacific West ,OR,2011,12,0,1600,0,0,80,423551,2902645,4241,0,1925
6238,Crater Lake NP,National Park,Pacific West ,OR,2012,12,0,1200,0,0,60,447251,3160375,6527,0,2066
6250,Crater Lake NP,National Park,Pacific West ,OR,2013,12,9318,34393,0,0,89,523027,3539726,0,0,3022
6262,Crater Lake NP,National Park,Pacific West ,OR,2014,12,10120,38640,0,0,161,535508,3543833,3313,0,2929
6274,Crater Lake NP,National Park,Pacific West ,OR,2015,12,2570,9737,0,0,37,614712,4033484,7548,0,3253
6286,Crater Lake NP,National Park,Pacific West ,OR,2016,12,4984,21364,0,0,196,756344,4456078,6280,0,4706
6298,Crater Lake NP,National Park,Pacific West ,OR,2017,12,9017,35819,0,0,213,711749,3851809,4317,0,2851
6310,Crater Lake NP,National Park,Pacific West ,OR,2018,12,4640,17440,0,0,60,720659,4103920,6739,0,2584
6322,Crater Lake NP,National Park,Pacific West ,OR,2019,12,8601,31545,0,0,72,704512,3411782,4694,0,2436
6706,Cuyahoga Valley NP,National Park,Midwest ,OH,2010,12,120324,391683,0,0,0,2492670,7331201,0,0,0
6718,Cuyahoga Valley NP,National Park,Midwest ,OH,2011,12,114911,387099,0,0,0,2161185,6497835,0,0,0
6730,Cuyahoga Valley NP,National Park,Midwest ,OH,2012,12,112643,377678,0,0,0,2299722,7025556,0,0,0
6742,Cuyahoga Valley NP,National Park,Midwest ,OH,2013,12,116957,392765,0,0,0,2103010,6422427,0,0,0
6754,Cuyahoga Valley NP,National Park,Midwest ,OH,2014,12,111960,382542,0,0,0,2189849,6573737,0,0,0
6766,Cuyahoga Valley NP,National Park,Midwest ,OH,2015,12,115147,387093,0,0,0,2284612,6798355,0,0,0
6778,Cuyahoga Valley NP,National Park,Midwest ,OH,2016,12,116488,367663,0,0,0,2423390,7099454,0,0,0
6790,Cuyahoga Valley NP,National Park,Midwest ,OH,2017,12,106644,353333,0,0,0,2226879,6389081,0,0,0
6802,Cuyahoga Valley NP,National Park,Midwest ,OH,2018,12,110564,369221,0,0,0,2096053,6266804,0,0,0
6814,Cuyahoga Valley NP,National Park,Midwest ,OH,2019,12,110787,361681,0,0,0,2237997,6555235,0,0,0
7198,Death Valley NP,National Park,Pacific West ,CA,2010,12,27043,330477,6214,6493,0,984775,7823343,70222,102720,0
7210,Death Valley NP,National Park,Pacific West ,CA,2011,12,32219,429643,10301,7283,0,946867,7644868,64842,100756,0
7222,Death Valley NP,National Park,Pacific West ,CA,2012,12,65140,527881,5510,5360,0,984568,7304790,45159,78338,0
7234,Death Valley NP,National Park,Pacific West ,CA,2013,12,48567,424684,5405,6611,0,951972,6859469,53939,71322,0
7246,Death Valley NP,National Park,Pacific West ,CA,2014,12,83457,682678,8406,9082,0,1101312,7698952,53868,67415,0
7258,Death Valley NP,National Park,Pacific West ,CA,2015,12,75991,623400,8672,7043,0,1154843,8155299,64718,66445,0
7270,Death Valley NP,National Park,Pacific West ,CA,2016,12,86755,753179,11805,9386,0,1296283,9769738,97443,106399,0
7282,Death Valley NP,National Park,Pacific West ,CA,2017,12,94320,797978,9363,11440,0,1294827,9611792,80544,96071,0
7294,Death Valley NP,National Park,Pacific West ,CA,2018,12,116226,813834,5581,6659,103,1678660,11753292,78970,97563,1485
7306,Death Valley NP,National Park,Pacific West ,CA,2019,12,135248,1038994,10093,12032,90,1740945,12025316,74511,97574,1915
7690,Denali NP & PRES,National Park,Alaska,AK,2010,12,232,3542,0,0,0,378855,6152569,22570,43486,38625
7702,Denali NP & PRES,National Park,Alaska,AK,2011,12,260,5072,0,0,48,406582,6760554,20962,46213,39914
7714,Denali NP & PRES,National Park,Alaska,AK,2012,12,235,3550,0,0,0,388433,6605331,17129,50335,41685
7726,Denali NP & PRES,National Park,Alaska,AK,2013,12,289,4412,0,0,0,530922,7055859,21644,48758,37862
7738,Denali NP & PRES,National Park,Alaska,AK,2014,12,385,5014,0,0,6,531315,7052133,25873,45413,38443
7750,Denali NP & PRES,National Park,Alaska,AK,2015,12,435,5154,0,0,0,560757,7610285,54708,33897,35785
7762,Denali NP & PRES,National Park,Alaska,AK,2016,12,1509,20870,0,0,1,587412,8143166,50269,21257,49309
7774,Denali NP & PRES,National Park,Alaska,AK,2017,12,1491,16710,0,0,1,642809,8445731,0,0,32887
7786,Denali NP & PRES,National Park,Alaska,AK,2018,12,652,7348,0,0,2,594660,6546571,0,0,23748
7798,Denali NP & PRES,National Park,Alaska,AK,2019,12,2715,31378,0,0,4,601152,6634699,0,0,26211
8182,Dry Tortugas NP,National Park,Southeast ,FL,2010,12,3085,35508,174,0,0,53890,664587,3362,0,0
8194,Dry Tortugas NP,National Park,Southeast ,FL,2011,12,5477,63351,298,0,0,75171,878841,3822,0,0
8206,Dry Tortugas NP,National Park,Southeast ,FL,2012,12,3728,39693,134,0,0,60550,689727,2982,0,0
8218,Dry Tortugas NP,National Park,Southeast ,FL,2013,12,4442,47646,172,0,0,58401,650559,2836,0,0
8230,Dry Tortugas NP,National Park,Southeast ,FL,2014,12,5686,57726,74,0,0,64865,687564,4438,0,0
8242,Dry Tortugas NP,National Park,Southeast ,FL,2015,12,5613,68337,432,0,0,70862,793890,4546,0,0
8254,Dry Tortugas NP,National Park,Southeast ,FL,2016,12,6308,70701,588,0,0,73661,839976,5934,0,0
8266,Dry Tortugas NP,National Park,Southeast ,FL,2017,12,5000,62400,200,0,0,54281,676371,5342,0,0
8278,Dry Tortugas NP,National Park,Southeast ,FL,2018,12,1286,14364,76,0,0,56810,715743,4930,0,0
8290,Dry Tortugas NP,National Park,Southeast ,FL,2019,12,5970,47144,588,0,0,79200,613198,6786,0,0
8674,Everglades NP,National Park,Southeast ,FL,2010,12,81486,419571,1328,977,2949,915538,3540615,8756,11107,12991
8686,Everglades NP,National Park,Southeast ,FL,2011,12,90890,276465,581,405,0,934351,3320326,7041,10031,11546
8698,Everglades NP,National Park,Southeast ,FL,2012,12,146640,472167,1562,1755,1151,1141906,3704707,8918,12421,8456
8710,Everglades NP,National Park,Southeast ,FL,2013,12,112836,423251,1453,954,201,1047116,3505851,9130,9999,6437
8722,Everglades NP,National Park,Southeast ,FL,2014,12,127371,521626,1840,1393,1130,1110901,3763581,9984,11483,5875
8734,Everglades NP,National Park,Southeast ,FL,2015,12,78953,467158,1159,977,3473,1077427,4171623,10635,10504,15961
8746,Everglades NP,National Park,Southeast ,FL,2016,12,87123,327639,1045,692,827,930907,3522144,8410,10799,12726
8758,Everglades NP,National Park,Southeast ,FL,2017,12,87361,371289,0,0,1483,1018557,3718824,5238,8137,17393
8770,Everglades NP,National Park,Southeast ,FL,2018,12,119290,514255,0,0,0,597124,2555012,0,0,4391
8782,Everglades NP,National Park,Southeast ,FL,2019,12,133765,738812,0,0,2182,1118300,4963388,0,0,12732
9130,Gates of the Arctic NP & PRES,National Park,Alaska,AK,2010,12,105,53,0,0,0,10840,177333,0,0,7175
9142,Gates of the Arctic NP & PRES,National Park,Alaska,AK,2011,12,87,44,0,0,0,11623,163349,0,0,6576
9154,Gates of the Arctic NP & PRES,National Park,Alaska,AK,2012,12,129,64,0,0,0,10899,142091,0,0,5708
9166,Gates of the Arctic NP & PRES,National Park,Alaska,AK,2013,12,93,46,0,0,0,11012,188559,0,0,7646
9178,Gates of the Arctic NP & PRES,National Park,Alaska,AK,2014,12,67,34,0,0,0,12669,154006,0,0,6166
9190,Gates of the Arctic NP & PRES,National Park,Alaska,AK,2015,12,244,122,0,0,0,10745,232217,0,0,9473
9202,Gates of the Arctic NP & PRES,National Park,Alaska,AK,2016,12,120,60,0,0,0,10047,195870,0,0,7971
9214,Gates of the Arctic NP & PRES,National Park,Alaska,AK,2017,12,0,0,0,0,0,11177,157731,0,0,6355
9226,Gates of the Arctic NP & PRES,National Park,Alaska,AK,2018,12,0,0,0,0,0,9591,185752,0,0,7561
9238,Gates of the Arctic NP & PRES,National Park,Alaska,AK,2019,12,0,0,0,0,0,10518,102366,0,0,4058
9622,Gateway Arch NP,National Park,Midwest ,MO,2010,12,62697,250789,0,0,0,2436110,9744437,0,0,0
9634,Gateway Arch NP,National Park,Midwest ,MO,2011,12,80979,323915,0,0,0,2259020,9036075,0,0,0
9646,Gateway Arch NP,National Park,Midwest ,MO,2012,12,85007,340028,0,0,0,2496726,9986905,0,0,0
9658,Gateway Arch NP,National Park,Midwest ,MO,2013,12,70995,283979,0,0,0,2377258,9509027,0,0,0
9670,Gateway Arch NP,National Park,Midwest ,MO,2014,12,59106,236426,0,0,0,1817091,7268369,0,0,0
9682,Gateway Arch NP,National Park,Midwest ,MO,2015,12,67622,270487,0,0,0,1698656,6794623,0,0,0
9694,Gateway Arch NP,National Park,Midwest ,MO,2016,12,32390,129559,0,0,0,1271855,5087422,0,0,0
9706,Gateway Arch NP,National Park,Midwest ,MO,2017,12,77119,308476,0,0,0,1398188,5592754,0,0,0
9718,Gateway Arch NP,National Park,Midwest ,MO,2018,12,52686,210746,0,0,0,2016180,8064734,0,0,0
9730,Gateway Arch NP,National Park,Midwest ,MO,2019,12,85036,340144,0,0,0,2055309,8221233,0,0,0
10114,Glacier Bay NP & PRES,National Park,Alaska,AK,2010,12,173,2796,0,0,22,444530,5537432,498,0,6122
10126,Glacier Bay NP & PRES,National Park,Alaska,AK,2011,12,173,2796,0,0,22,431986,5591713,810,0,4736
10138,Glacier Bay NP & PRES,National Park,Alaska,AK,2012,12,173,2796,0,0,22,454337,5901896,628,0,5381
10150,Glacier Bay NP & PRES,National Park,Alaska,AK,2013,12,155,4716,175,0,22,500590,6312194,807,0,4018
10162,Glacier Bay NP & PRES,National Park,Alaska,AK,2014,12,173,2796,0,0,22,500727,6804649,764,0,6303
10174,Glacier Bay NP & PRES,National Park,Alaska,AK,2015,12,173,2796,0,0,22,551353,7042830,658,0,6254
10186,Glacier Bay NP & PRES,National Park,Alaska,AK,2016,12,173,2796,0,0,22,520171,6727227,908,0,6161
10198,Glacier Bay NP & PRES,National Park,Alaska,AK,2017,12,173,2796,0,0,22,547057,7062494,901,0,5986
10210,Glacier Bay NP & PRES,National Park,Alaska,AK,2018,12,173,2796,0,0,22,597915,7703301,783,0,5840
10222,Glacier Bay NP & PRES,National Park,Alaska,AK,2019,12,171,2556,0,0,22,672087,8564620,744,0,4211
10606,Glacier NP,National Park,Intermountain ,MT,2010,12,10738,44565,18,3,69,2200048,26261913,101603,104832,30680
10618,Glacier NP,National Park,Intermountain ,MT,2011,12,10560,43790,25,18,43,1853564,22399862,95741,101076,25715
10630,Glacier NP,National Park,Intermountain ,MT,2012,12,9862,40942,20,36,27,2162035,25734458,102963,105534,26634
10642,Glacier NP,National Park,Intermountain ,MT,2013,12,10482,43720,32,45,22,2190374,26548970,110427,111963,29132
10654,Glacier NP,National Park,Intermountain ,MT,2014,12,11367,46403,15,21,16,2338528,27241749,110583,104379,29869
10666,Glacier NP,National Park,Intermountain ,MT,2015,12,13357,54329,10,18,22,2366056,26988623,113599,99846,32797
10678,Glacier NP,National Park,Intermountain ,MT,2016,12,12877,52211,10,21,8,2946681,32839584,136599,126933,38421
10690,Glacier NP,National Park,Intermountain ,MT,2017,12,13268,54531,15,45,21,3305512,35871856,127661,111639,34011
10702,Glacier NP,National Park,Intermountain ,MT,2018,12,18781,77004,12,69,23,2965309,32211332,110507,109566,32349
10714,Glacier NP,National Park,Intermountain ,MT,2019,12,15137,61359,5,21,19,3049839,33979881,118181,126099,34759
11098,Grand Canyon NP,National Park,Intermountain ,AZ,2010,12,166489,2577850,506,200,8952,4388386,69072777,155038,95626,295949
11110,Grand Canyon NP,National Park,Intermountain ,AZ,2011,12,171035,2653296,314,160,8542,4298178,67886575,206850,126310,291833
11122,Grand Canyon NP,National Park,Intermountain ,AZ,2012,12,186032,2910596,630,188,11401,4421352,69877743,150673,69667,300418
11134,Grand Canyon NP,National Park,Intermountain ,AZ,2013,12,216015,3392612,402,170,8723,4564840,72478880,111229,53446,234878
11146,Grand Canyon NP,National Park,Intermountain ,AZ,2014,12,256616,3957202,31,0,3766,4756771,74963591,73502,34904,269236
11158,Grand Canyon NP,National Park,Intermountain ,AZ,2015,12,272482,4249381,442,201,9440,5520736,87141657,207490,101227,293866
11170,Grand Canyon NP,National Park,Intermountain ,AZ,2016,12,296873,4642983,813,53,13119,5969811,94286572,206626,88600,330703
11182,Grand Canyon NP,National Park,Intermountain ,AZ,2017,12,338106,5290013,794,312,11373,6254238,98614576,147320,70862,312503
11194,Grand Canyon NP,National Park,Intermountain ,AZ,2018,12,369041,5804424,1539,677,11468,6380495,100506766,139004,68000,337790
11206,Grand Canyon NP,National Park,Intermountain ,AZ,2019,12,324380,5078106,1615,677,4272,5974411,93995133,120208,63565,320032
11590,Grand Teton NP,National Park,Intermountain ,WY,2010,12,43100,131810,0,0,0,2669374,18102627,0,0,30597
11602,Grand Teton NP,National Park,Intermountain ,WY,2011,12,39525,120982,0,0,8,2587437,17189885,0,0,28216
11614,Grand Teton NP,National Park,Intermountain ,WY,2012,12,40285,122527,0,0,0,2705256,17777932,0,0,30214
11626,Grand Teton NP,National Park,Intermountain ,WY,2013,12,37661,114580,0,0,0,2688794,18317594,10,56,30157
11638,Grand Teton NP,National Park,Intermountain ,WY,2014,12,40376,123222,0,0,0,2791392,19098008,46,459,29524
11650,Grand Teton NP,National Park,Intermountain ,WY,2015,12,41257,123967,0,0,10,3149921,21758918,0,0,33798
11662,Grand Teton NP,National Park,Intermountain ,WY,2016,12,38329,118664,0,0,10,3270076,20161755,0,0,36206
11674,Grand Teton NP,National Park,Intermountain ,WY,2017,12,50799,153138,0,0,0,3317000,22460367,79,205,40193
11686,Grand Teton NP,National Park,Intermountain ,WY,2018,12,48800,146830,0,0,0,3491151,19176275,0,0,38803
11698,Grand Teton NP,National Park,Intermountain ,WY,2019,12,46433,141190,0,0,1,3405614,21202805,0,0,36292
12082,Great Basin NP,National Park,Pacific West ,NV,2010,12,1550,7392,67,49,39,88870,1110478,18523,11716,613
12094,Great Basin NP,National Park,Pacific West ,NV,2011,12,1931,10310,91,56,87,91451,1117536,21090,11256,674
12106,Great Basin NP,National Park,Pacific West ,NV,2012,12,2150,10877,94,63,88,94850,1125884,21271,11340,638
12118,Great Basin NP,National Park,Pacific West ,NV,2013,12,2266,12206,102,66,123,92893,1099280,20674,10924,691
12130,Great Basin NP,National Park,Pacific West ,NV,2014,12,2308,10806,94,56,79,107526,1215881,22621,12147,1063
12142,Great Basin NP,National Park,Pacific West ,NV,2015,12,2670,8534,52,46,0,116123,1292404,24014,13151,1017
12154,Great Basin NP,National Park,Pacific West ,NV,2016,12,1309,5855,52,46,0,144846,1441955,26743,14748,1067
12166,Great Basin NP,National Park,Pacific West ,NV,2017,12,1422,7610,91,60,0,168028,1440218,26769,14793,403
12178,Great Basin NP,National Park,Pacific West ,NV,2018,12,2426,8708,18,122,1,153094,1636468,32758,19348,280
12190,Great Basin NP,National Park,Pacific West ,NV,2019,12,999,4691,46,32,0,131802,1282751,20735,17813,48
12574,Great Sand Dunes NP & PRES,National Park,Intermountain ,CO,2010,12,2385,6117,63,33,2,283284,1900386,27423,13528,2171
12586,Great Sand Dunes NP & PRES,National Park,Intermountain ,CO,2011,12,2403,6356,79,23,16,280058,1795935,25400,13688,2201
12598,Great Sand Dunes NP & PRES,National Park,Intermountain ,CO,2012,12,2251,5888,63,20,18,254674,1514851,21682,10504,2613
12610,Great Sand Dunes NP & PRES,National Park,Intermountain ,CO,2013,12,2312,4679,0,0,4,242841,1360664,17949,7326,2300
12622,Great Sand Dunes NP & PRES,National Park,Intermountain ,CO,2014,12,2164,4382,0,0,4,271774,1868604,25881,15180,3405
12634,Great Sand Dunes NP & PRES,National Park,Intermountain ,CO,2015,12,2046,4259,0,0,13,299513,1993753,28734,15028,3754
12646,Great Sand Dunes NP & PRES,National Park,Intermountain ,CO,2016,12,4047,8274,0,0,13,388308,2335959,30757,17532,4508
12658,Great Sand Dunes NP & PRES,National Park,Intermountain ,CO,2017,12,6374,13259,0,0,38,486935,2308335,26782,14972,4313
12670,Great Sand Dunes NP & PRES,National Park,Intermountain ,CO,2018,12,4404,9001,0,0,15,442905,2486557,29832,19665,4475
12682,Great Sand Dunes NP & PRES,National Park,Intermountain ,CO,2019,12,4595,9438,0,0,18,527546,2716008,29376,21867,4933
13066,Great Smoky Mountains NP,National Park,Southeast ,TN,2010,12,342512,2360238,139,307,2900,9463538,70486609,154504,128991,79480
13078,Great Smoky Mountains NP,National Park,Southeast ,TN,2011,12,471603,3224785,129,127,2922,9008830,67168799,145077,108732,90444
13090,Great Smoky Mountains NP,National Park,Southeast ,TN,2012,12,480527,3284755,129,127,2922,9685829,71904763,152056,118522,84236
13102,Great Smoky Mountains NP,National Park,Southeast ,TN,2013,12,490702,3353132,129,127,2922,9354695,68703424,128259,103881,70407
13114,Great Smoky Mountains NP,National Park,Southeast ,TN,2014,12,510327,3480148,619,532,1749,10099276,74606705,151150,113373,86153
13126,Great Smoky Mountains NP,National Park,Southeast ,TN,2015,12,567585,3873022,359,227,2777,10712674,79442309,172984,117177,97629
13138,Great Smoky Mountains NP,National Park,Southeast ,TN,2016,12,468721,3183090,136,58,1708,11312786,83859719,190574,111680,109349
13150,Great Smoky Mountains NP,National Park,Southeast ,TN,2017,12,564993,3844250,408,164,2142,11338893,83343604,160464,110097,104352
13162,Great Smoky Mountains NP,National Park,Southeast ,TN,2018,12,640357,4362315,974,590,1814,11421200,83657339,152167,113649,97593
13174,Great Smoky Mountains NP,National Park,Southeast ,TN,2019,12,720631,4902855,974,590,1877,12547743,91203583,155409,113540,94569
13558,Guadalupe Mountains NP,National Park,Intermountain ,TX,2010,12,10567,22767,466,238,153,192210,465480,8805,4679,2494
13570,Guadalupe Mountains NP,National Park,Intermountain ,TX,2011,12,8530,15527,308,122,57,152546,362942,6893,3575,2235
13582,Guadalupe Mountains NP,National Park,Intermountain ,TX,2012,12,7883,17511,493,149,91,159360,409976,9042,4150,1742
13594,Guadalupe Mountains NP,National Park,Intermountain ,TX,2013,12,12043,14462,201,74,109,145670,444032,8200,3589,3621
13606,Guadalupe Mountains NP,National Park,Intermountain ,TX,2014,12,11464,22647,394,219,117,166868,474660,7719,5073,3188
13618,Guadalupe Mountains NP,National Park,Intermountain ,TX,2015,12,9660,17131,357,156,107,169535,438570,9175,4816,2507
13630,Guadalupe Mountains NP,National Park,Intermountain ,TX,2016,12,13403,33813,675,448,242,181839,488954,10654,6254,2954
13642,Guadalupe Mountains NP,National Park,Intermountain ,TX,2017,12,14082,37750,723,464,323,225257,558124,12100,7183,3896
13654,Guadalupe Mountains NP,National Park,Intermountain ,TX,2018,12,6933,17644,290,213,147,172347,507354,10693,6437,3509
13666,Guadalupe Mountains NP,National Park,Intermountain ,TX,2019,12,15038,29143,630,527,162,188833,441192,10621,6383,2838
14050,Haleakala NP,National Park,Pacific West ,HI,2010,12,75961,201805,931,0,131,1105606,2903983,16112,0,1260
14062,Haleakala NP,National Park,Pacific West ,HI,2011,12,84194,217753,701,0,137,956989,2589763,15908,0,1562
14074,Haleakala NP,National Park,Pacific West ,HI,2012,12,91712,251065,1354,0,234,1094668,2946356,15545,0,1587
14086,Haleakala NP,National Park,Pacific West ,HI,2013,12,54178,120548,36,0,0,785300,2018830,8045,0,628
14098,Haleakala NP,National Park,Pacific West ,HI,2014,12,102068,246111,548,0,142,1142040,2790208,7907,0,1375
14110,Haleakala NP,National Park,Pacific West ,HI,2015,12,104117,248907,668,0,190,1216772,2939484,7896,0,2205
14122,Haleakala NP,National Park,Pacific West ,HI,2016,12,93221,215898,322,0,196,1263558,3003665,8332,0,2392
14134,Haleakala NP,National Park,Pacific West ,HI,2017,12,108254,250587,337,0,204,1112390,2717910,7191,0,2877
14146,Haleakala NP,National Park,Pacific West ,HI,2018,12,85641,193156,250,0,150,1044084,2534627,7201,0,2876
14158,Haleakala NP,National Park,Pacific West ,HI,2019,12,90851,216909,869,0,246,994394,2289074,9071,0,1616
14542,Hawaii Volcanoes NP,National Park,Pacific West ,HI,2010,12,113172,699427,513,66,538,1304667,8087739,8131,606,4501
14554,Hawaii Volcanoes NP,National Park,Pacific West ,HI,2011,12,112710,711619,483,63,380,1352123,8404568,8811,757,4235
14566,Hawaii Volcanoes NP,National Park,Pacific West ,HI,2012,12,138594,847525,750,75,248,1483928,9173701,8300,890,4466
14578,Hawaii Volcanoes NP,National Park,Pacific West ,HI,2013,12,144360,888142,273,33,315,1583209,9720192,3745,481,4660
14590,Hawaii Volcanoes NP,National Park,Pacific West ,HI,2014,12,150342,913568,0,0,434,1693005,10523138,546,99,4621
14602,Hawaii Volcanoes NP,National Park,Pacific West ,HI,2015,12,159871,967910,124,0,479,1832660,11379532,1661,0,4903
14614,Hawaii Volcanoes NP,National Park,Pacific West ,HI,2016,12,177591,1080571,137,0,430,1887580,11646416,1697,0,5178
14626,Hawaii Volcanoes NP,National Park,Pacific West ,HI,2017,12,173878,1053974,185,15,431,2016702,12543575,1536,53,4755
14638,Hawaii Volcanoes NP,National Park,Pacific West ,HI,2018,12,120454,734674,12,0,293,1116891,6650420,492,6,2145
14650,Hawaii Volcanoes NP,National Park,Pacific West ,HI,2019,12,131266,818036,215,12,363,1368376,8491902,1091,41,3658
15034,Hot Springs NP,National Park,Midwest ,AR,2010,12,60497,204980,44,237,0,1311807,3034292,4086,8323,0
15046,Hot Springs NP,National Park,Midwest ,AR,2011,12,74262,201644,60,234,0,1396354,3229927,4570,9373,0
15058,Hot Springs NP,National Park,Midwest ,AR,2012,12,61928,218999,74,122,0,1302505,2976518,3050,6938,0
15070,Hot Springs NP,National Park,Midwest ,AR,2013,12,61746,174317,215,479,0,1325719,3017166,4273,10827,0
15082,Hot Springs NP,National Park,Midwest ,AR,2014,12,59004,172465,127,547,0,1424484,3099890,3901,15705,0
15094,Hot Springs NP,National Park,Midwest ,AR,2015,12,62355,217520,106,698,0,1418162,3310306,4735,19413,0
15106,Hot Springs NP,National Park,Midwest ,AR,2016,12,88297,241322,28,838,0,1544300,3530802,3706,20315,0
15118,Hot Springs NP,National Park,Midwest ,AR,2017,12,106040,80984,12,996,0,1561616,1401560,1467,22543,0
15130,Hot Springs NP,National Park,Midwest ,AR,2018,12,74906,54646,98,712,0,1506887,1341461,1233,22712,0
15142,Hot Springs NP,National Park,Midwest ,AR,2019,12,78320,80119,74,1826,0,1467153,1352979,1455,24251,0
15526,Indiana Dunes NP,National Park,Midwest ,IN,2010,12,50488,100977,0,0,0,2150345,5870781,19065,4375,0
15538,Indiana Dunes NP,National Park,Midwest ,IN,2011,12,59354,118709,0,0,0,1840513,5069490,17978,4845,0
15550,Indiana Dunes NP,National Park,Midwest ,IN,2012,12,55961,111921,0,0,0,1889381,5026362,16538,3170,0
15562,Indiana Dunes NP,National Park,Midwest ,IN,2013,12,44350,88699,0,0,0,1681695,4569298,14051,4014,0
15574,Indiana Dunes NP,National Park,Midwest ,IN,2014,12,59165,118330,0,0,0,1553372,4136390,11643,3655,0
15586,Indiana Dunes NP,National Park,Midwest ,IN,2015,12,64278,128557,0,0,0,1640195,4418234,14746,4089,0
15598,Indiana Dunes NP,National Park,Midwest ,IN,2016,12,53965,107931,0,0,0,1698223,4536913,16716,3790,0
15610,Indiana Dunes NP,National Park,Midwest ,IN,2017,12,64399,128798,0,0,0,2158471,5796301,20082,4885,0
15622,Indiana Dunes NP,National Park,Midwest ,IN,2018,12,30233,60466,0,0,0,1756079,4700315,13308,4598,0
15634,Indiana Dunes NP,National Park,Midwest ,IN,2019,12,74808,149616,0,0,0,2134285,5721279,16316,6468,0
16018,Isle Royale NP,National Park,Midwest ,MI,2010,12,16,16,0,0,0,15793,1196810,5502,0,34116
16030,Isle Royale NP,National Park,Midwest ,MI,2011,12,20,20,0,0,0,15892,1190577,5130,0,34221
16042,Isle Royale NP,National Park,Midwest ,MI,2012,12,41,41,0,0,0,16663,1176138,5463,0,33808
16054,Isle Royale NP,National Park,Midwest ,MI,2013,12,21,21,0,0,0,16274,1137345,5289,0,32343
16066,Isle Royale NP,National Park,Midwest ,MI,2014,12,28,28,0,0,0,14560,1097272,5758,0,29662
16078,Isle Royale NP,National Park,Midwest ,MI,2015,12,48,48,0,0,0,18684,1094905,5133,0,30072
16090,Isle Royale NP,National Park,Midwest ,MI,2016,12,61,61,0,0,0,24966,1214443,3160,0,22604
16102,Isle Royale NP,National Park,Midwest ,MI,2017,12,81,81,0,0,0,28196,1239498,3850,0,21693
16114,Isle Royale NP,National Park,Midwest ,MI,2018,12,51,51,0,0,0,25798,1254990,5173,0,24758
16126,Isle Royale NP,National Park,Midwest ,MI,2019,12,58,58,0,0,0,26410,1335648,4902,0,26899
16510,Joshua Tree NP,National Park,Pacific West ,CA,2010,12,112812,822889,12188,3465,506,1434976,10707974,165152,43704,8041
16522,Joshua Tree NP,National Park,Pacific West ,CA,2011,12,115501,874184,13732,3705,632,1396237,10478194,164380,40692,8664
16534,Joshua Tree NP,National Park,Pacific West ,CA,2012,12,130986,994629,16304,5070,614,1396117,10792285,179412,46530,9983
16546,Joshua Tree NP,National Park,Pacific West ,CA,2013,12,128505,1107280,26192,4308,944,1383340,10904167,181056,46758,9899
16558,Joshua Tree NP,National Park,Pacific West ,CA,2014,12,180146,1341004,20372,6942,869,1589904,12410611,192548,62214,10604
16570,Joshua Tree NP,National Park,Pacific West ,CA,2015,12,198250,1443973,22792,6963,1240,2025756,14899986,222184,74952,14141
16582,Joshua Tree NP,National Park,Pacific West ,CA,2016,12,250405,1714330,25800,7995,1325,2505286,16854694,232964,65409,21195
16594,Joshua Tree NP,National Park,Pacific West ,CA,2017,12,284398,1865677,23964,8541,1942,2853619,18362028,250384,78135,19590
16606,Joshua Tree NP,National Park,Pacific West ,CA,2018,12,282112,1403923,10056,3771,1604,2942382,17655261,222228,73485,19437
16618,Joshua Tree NP,National Park,Pacific West ,CA,2019,12,303476,1690251,22720,8937,1060,2988547,17489850,232300,78192,18184
16990,Katmai NP & PRES,National Park,Alaska,AK,2010,12,40,690,0,0,0,55172,324181,2319,0,483
17002,Katmai NP & PRES,National Park,Alaska,AK,2011,12,0,1380,0,0,0,48939,352208,4014,0,400
17014,Katmai NP & PRES,National Park,Alaska,AK,2012,12,0,2760,0,0,0,39818,420807,3547,0,2754
17026,Katmai NP & PRES,National Park,Alaska,AK,2013,12,100,0,0,0,0,28966,344373,2881,0,483
17038,Katmai NP & PRES,National Park,Alaska,AK,2014,12,0,0,0,0,0,30896,333411,1898,0,483
17050,Katmai NP & PRES,National Park,Alaska,AK,2015,12,100,0,0,0,0,37818,233289,2098,0,483
17062,Katmai NP & PRES,National Park,Alaska,AK,2016,12,100,0,0,0,0,37818,233289,2098,0,483
17074,Katmai NP & PRES,National Park,Alaska,AK,2017,12,100,0,0,0,0,37818,233289,2098,0,483
17086,Katmai NP & PRES,National Park,Alaska,AK,2018,12,100,0,0,0,0,37818,233289,2098,0,483
17098,Katmai NP & PRES,National Park,Alaska,AK,2019,12,100,0,0,0,0,84167,256745,2560,0,458
17446,Kenai Fjords NP,National Park,Alaska,AK,2010,12,3001,30562,0,0,1169,297596,826267,1284,0,1692
17458,Kenai Fjords NP,National Park,Alaska,AK,2011,12,0,0,0,0,0,346852,923826,1250,0,541
17470,Kenai Fjords NP,National Park,Alaska,AK,2012,12,117,135,0,0,0,281279,889849,986,0,514
17482,Kenai Fjords NP,National Park,Alaska,AK,2013,12,112,408,0,0,12,283502,899930,822,0,279
17494,Kenai Fjords NP,National Park,Alaska,AK,2014,12,28,248,0,0,10,270666,843730,1130,0,432
17506,Kenai Fjords NP,National Park,Alaska,AK,2015,12,25,1100,0,0,50,296697,936264,1434,0,640
17518,Kenai Fjords NP,National Park,Alaska,AK,2016,12,62,758,0,0,32,346534,1159562,1514,0,648
17530,Kenai Fjords NP,National Park,Alaska,AK,2017,12,23,705,0,0,32,303598,967057,1176,0,674
17542,Kenai Fjords NP,National Park,Alaska,AK,2018,12,44,685,0,0,30,321596,1104023,1080,0,676
17554,Kenai Fjords NP,National Park,Alaska,AK,2019,12,23,753,0,0,34,356601,1175974,1076,0,566
17938,Kings Canyon NP,National Park,Pacific West ,CA,2010,12,17589,84426,73,67,0,598205,19434316,85501,37422,15203
17950,Kings Canyon NP,National Park,Pacific West ,CA,2011,12,18764,90066,258,159,5,566810,18489536,83502,30611,11186
17962,Kings Canyon NP,National Park,Pacific West ,CA,2012,12,18085,86808,134,67,0,591033,19136962,80529,33044,12121
17974,Kings Canyon NP,National Park,Pacific West ,CA,2013,12,10235,49129,216,86,1,567544,18684495,77260,29558,13303
17986,Kings Canyon NP,National Park,Pacific West ,CA,2014,12,18435,88489,283,153,1,502268,16510022,81537,25783,15603
17998,Kings Canyon NP,National Park,Pacific West ,CA,2015,12,8963,43022,226,124,0,468106,15252100,73622,24531,10765
18010,Kings Canyon NP,National Park,Pacific West ,CA,2016,12,14038,67383,413,210,0,607479,20206635,110490,32686,12046
18022,Kings Canyon NP,National Park,Pacific West ,CA,2017,12,23486,112733,801,366,2,692932,23087605,124284,37906,25645
18034,Kings Canyon NP,National Park,Pacific West ,CA,2018,12,29797,143024,70,67,0,699023,22880404,114921,40043,23876
18046,Kings Canyon NP,National Park,Pacific West ,CA,2019,12,14196,68142,178,99,2,632110,21026493,103643,32589,15650
18394,Kobuk Valley NP,National Park,Alaska,AK,2010,12,295,655,0,0,21,3164,8300,0,0,503
18406,Kobuk Valley NP,National Park,Alaska,AK,2011,12,1200,2700,0,0,475,11485,26950,0,0,4896
18418,Kobuk Valley NP,National Park,Alaska,AK,2012,12,2500,6400,0,0,400,29550,81450,0,0,8400
18430,Kobuk Valley NP,National Park,Alaska,AK,2013,12,1200,2400,0,0,800,16875,48600,0,0,5925
18442,Kobuk Valley NP,National Park,Alaska,AK,2014,12,0,0,0,0,0,0,0,0,0,0
18454,Kobuk Valley NP,National Park,Alaska,AK,2015,12,0,0,0,0,0,0,0,0,0,0
18466,Kobuk Valley NP,National Park,Alaska,AK,2016,12,1400,4400,0,0,675,15500,50900,0,0,7050
18478,Kobuk Valley NP,National Park,Alaska,AK,2017,12,1400,4400,0,0,675,15500,50900,0,0,7050
18490,Kobuk Valley NP,National Park,Alaska,AK,2018,12,1445,5645,0,0,675,14937,54087,0,0,7050
18502,Kobuk Valley NP,National Park,Alaska,AK,2019,12,1611,5946,0,0,675,15766,58789,0,0,7050
18850,Lake Clark NP & PRES,National Park,Alaska,AK,2010,12,150,300,0,0,0,9931,133140,0,0,5149
18862,Lake Clark NP & PRES,National Park,Alaska,AK,2011,12,150,300,0,0,0,5158,52798,0,0,1931
18874,Lake Clark NP & PRES,National Park,Alaska,AK,2012,12,132,264,0,0,0,11639,94492,0,0,3237
18886,Lake Clark NP & PRES,National Park,Alaska,AK,2013,12,225,648,0,0,9,13000,78272,0,0,2376
18898,Lake Clark NP & PRES,National Park,Alaska,AK,2014,12,186,548,0,0,8,16100,80028,0,0,2174
18910,Lake Clark NP & PRES,National Park,Alaska,AK,2015,12,196,524,0,0,6,17818,83288,0,0,2166
18922,Lake Clark NP & PRES,National Park,Alaska,AK,2016,12,215,694,0,0,12,21102,184896,0,0,6486
18934,Lake Clark NP & PRES,National Park,Alaska,AK,2017,12,245,490,0,0,0,22755,203866,0,0,7198
18946,Lake Clark NP & PRES,National Park,Alaska,AK,2018,12,119,238,0,0,0,14479,187314,0,0,7198
18958,Lake Clark NP & PRES,National Park,Alaska,AK,2019,12,0,0,0,0,0,17157,49406,0,0,686
19342,Lassen Volcanic NP,National Park,Pacific West ,CA,2010,12,6462,39297,12,0,13,384570,4379823,55926,23583,6006
19354,Lassen Volcanic NP,National Park,Pacific West ,CA,2011,12,5505,34710,33,3,44,351269,3967512,47964,21822,6104
19366,Lassen Volcanic NP,National Park,Pacific West ,CA,2012,12,6804,41853,36,3,10,407653,4251693,48837,21234,4173
19378,Lassen Volcanic NP,National Park,Pacific West ,CA,2013,12,4749,29439,21,24,0,427409,4787856,54435,25620,5905
19390,Lassen Volcanic NP,National Park,Pacific West ,CA,2014,12,10320,66120,3,144,53,432977,4831152,56334,27054,5898
19402,Lassen Volcanic NP,National Park,Pacific West ,CA,2015,12,8106,52311,51,90,34,468092,5590719,73794,28422,9170
19414,Lassen Volcanic NP,National Park,Pacific West ,CA,2016,12,5430,35583,21,81,41,536068,5675964,59742,27633,9057
19426,Lassen Volcanic NP,National Park,Pacific West ,CA,2017,12,9393,58374,33,18,45,507256,5467248,56772,29730,6724
19438,Lassen Volcanic NP,National Park,Pacific West ,CA,2018,12,7605,46617,6,24,17,499435,5386551,59733,28038,7320
19450,Lassen Volcanic NP,National Park,Pacific West ,CA,2019,12,11985,73674,0,69,15,517039,5490609,56856,29916,6685
19834,Mammoth Cave NP,National Park,Southeast ,KY,2010,12,9610,49983,40,24,132,497225,3212366,34176,10464,4981
19846,Mammoth Cave NP,National Park,Southeast ,KY,2011,12,12559,60733,20,0,154,483319,3071143,32440,9584,5114
19858,Mammoth Cave NP,National Park,Southeast ,KY,2012,12,12185,59906,48,4,134,508054,3234522,34096,11652,5348
19870,Mammoth Cave NP,National Park,Southeast ,KY,2013,12,13155,61527,0,0,242,494541,3085642,32644,9496,5669
19882,Mammoth Cave NP,National Park,Southeast ,KY,2014,12,14147,66388,16,8,238,522628,3305826,34156,10676,4744
19894,Mammoth Cave NP,National Park,Southeast ,KY,2015,12,15668,75657,44,16,371,566895,3481105,33380,11592,5036
19906,Mammoth Cave NP,National Park,Southeast ,KY,2016,12,15719,78832,32,8,311,586514,3545116,39636,16248,5088
19918,Mammoth Cave NP,National Park,Southeast ,KY,2017,12,15452,74130,60,8,223,587853,3497245,42732,16000,3753
19930,Mammoth Cave NP,National Park,Southeast ,KY,2018,12,7673,44815,60,8,18,533206,4107496,38784,13264,7861
19942,Mammoth Cave NP,National Park,Southeast ,KY,2019,12,16827,99512,51,0,58,551590,4381054,36695,10741,3182
20326,Mesa Verde NP,National Park,Intermountain ,CO,2010,12,8169,36759,0,0,0,559712,4237579,26994,22066,0
20338,Mesa Verde NP,National Park,Intermountain ,CO,2011,12,7701,34655,0,0,0,572329,3851465,26489,14879,0
20350,Mesa Verde NP,National Park,Intermountain ,CO,2012,12,7561,34023,0,0,0,488860,3348743,22705,19156,0
20362,Mesa Verde NP,National Park,Intermountain ,CO,2013,12,8174,36781,0,0,0,460237,3044878,24066,11400,0
20374,Mesa Verde NP,National Park,Intermountain ,CO,2014,12,5399,24295,0,0,0,501563,3535150,40400,5974,0
20386,Mesa Verde NP,National Park,Intermountain ,CO,2015,12,8788,39544,0,0,0,547325,3874598,49800,6359,0
20398,Mesa Verde NP,National Park,Intermountain ,CO,2016,12,7408,33335,0,0,0,583527,4139389,44925,12073,0
20410,Mesa Verde NP,National Park,Intermountain ,CO,2017,12,11898,53543,0,0,0,613788,4000241,29879,16808,0
20422,Mesa Verde NP,National Park,Intermountain ,CO,2018,12,8411,37850,0,0,0,563420,3975281,33434,24462,0
20434,Mesa Verde NP,National Park,Intermountain ,CO,2019,12,7743,34844,0,0,0,556203,3969497,33621,26110,0
20818,Mount Rainier NP,National Park,Pacific West ,WA,2010,12,20509,102547,0,0,393,1191754,14416024,59340,22860,40731
20830,Mount Rainier NP,National Park,Pacific West ,WA,2011,12,20166,100829,0,0,155,1038229,12929916,55937,21087,39907
20842,Mount Rainier NP,National Park,Pacific West ,WA,2012,12,16912,84558,0,0,133,1049178,12973366,62196,24109,45565
20854,Mount Rainier NP,National Park,Pacific West ,WA,2013,12,17607,88033,0,0,122,1148552,14351291,59860,24202,45975
20866,Mount Rainier NP,National Park,Pacific West ,WA,2014,12,15117,75586,0,0,430,1264259,15086202,58755,30515,48679
20878,Mount Rainier NP,National Park,Pacific West ,WA,2015,12,21750,108749,0,0,523,1237231,14147970,68484,25085,44296
20890,Mount Rainier NP,National Park,Pacific West ,WA,2016,12,25867,129334,0,0,75,1356913,15943893,64265,28981,57636
20902,Mount Rainier NP,National Park,Pacific West ,WA,2017,12,26429,132145,0,0,50,1415867,16870540,74721,29400,55333
20914,Mount Rainier NP,National Park,Pacific West ,WA,2018,12,28244,141218,0,0,0,1518491,17718273,83645,30623,64294
20926,Mount Rainier NP,National Park,Pacific West ,WA,2019,12,39161,195805,0,0,67,1501621,18660689,83353,30408,47703
21010,National Park of American Samoa,National Park,Pacific West ,AS,2010,12,491,982,0,0,0,3006,6014,0,0,0
21022,National Park of American Samoa,National Park,Pacific West ,AS,2011,12,388,776,0,0,0,8716,17431,0,0,0
21034,National Park of American Samoa,National Park,Pacific West ,AS,2012,12,1908,3816,0,0,0,10440,20880,0,0,0
21046,National Park of American Samoa,National Park,Pacific West ,AS,2013,12,908,1815,0,0,0,17919,35838,0,0,0
21058,National Park of American Samoa,National Park,Pacific West ,AS,2014,12,1004,2008,0,0,0,13953,27903,0,0,0
21070,National Park of American Samoa,National Park,Pacific West ,AS,2015,12,453,906,0,0,0,13892,27786,0,0,0
21082,National Park of American Samoa,National Park,Pacific West ,AS,2016,12,4694,9388,0,0,0,28892,57783,0,0,0
21094,National Park of American Samoa,National Park,Pacific West ,AS,2017,12,4794,9587,0,0,0,69468,138934,0,0,0
21106,National Park of American Samoa,National Park,Pacific West ,AS,2018,12,3052,6104,0,0,0,28626,57252,0,0,0
21118,National Park of American Samoa,National Park,Pacific West ,AS,2019,12,1604,3208,0,0,0,60006,120010,0,0,0
21502,North Cascades NP,National Park,Pacific West ,WA,2010,12,4,88,0,0,4,24659,440131,0,0,17801
21514,North Cascades NP,National Park,Pacific West ,WA,2011,12,46,228,0,0,0,19208,397139,0,0,17002
21526,North Cascades NP,National Park,Pacific West ,WA,2012,12,32,194,0,0,2,26935,476330,0,0,19360
21538,North Cascades NP,National Park,Pacific West ,WA,2013,12,23,130,0,0,1,21623,467679,0,0,20295
21550,North Cascades NP,National Park,Pacific West ,WA,2014,12,75,442,0,0,4,23865,499397,0,0,21547
21562,North Cascades NP,National Park,Pacific West ,WA,2015,12,57,548,0,0,15,20677,524870,0,0,23721
21574,North Cascades NP,National Park,Pacific West ,WA,2016,12,18,356,0,0,15,28646,590966,0,0,25516
21586,North Cascades NP,National Park,Pacific West ,WA,2017,12,47,290,0,0,6,30326,607202,0,0,26081
21598,North Cascades NP,National Park,Pacific West ,WA,2018,12,0,0,0,0,0,30085,616576,0,0,26703
21610,North Cascades NP,National Park,Pacific West ,WA,2019,12,81,440,0,0,2,38208,672611,0,0,27581
21994,Olympic NP,National Park,Pacific West ,WA,2010,12,65092,235917,222,547,253,2844563,13769267,90477,63701,68546
22006,Olympic NP,National Park,Pacific West ,WA,2011,12,78846,255091,268,425,226,2966502,14355540,101249,60341,57162
22018,Olympic NP,National Park,Pacific West ,WA,2012,12,85900,292572,272,703,198,2824908,13431712,90876,55271,55776
22030,Olympic NP,National Park,Pacific West ,WA,2013,12,104386,352756,279,450,181,3085340,13737596,110015,52656,54369
22042,Olympic NP,National Park,Pacific West ,WA,2014,12,73585,286263,477,645,391,3243872,15130358,140112,66937,69731
22054,Olympic NP,National Park,Pacific West ,WA,2015,12,68935,262020,244,419,201,3263761,15614566,122579,65516,88587
22066,Olympic NP,National Park,Pacific West ,WA,2016,12,72439,284038,338,459,237,3390221,16657226,134871,64582,100347
22078,Olympic NP,National Park,Pacific West ,WA,2017,12,71335,244365,461,413,365,3401996,17876205,178359,76186,122678
22090,Olympic NP,National Park,Pacific West ,WA,2018,12,63753,231710,279,483,286,3104455,17574425,162192,77436,128134
22102,Olympic NP,National Park,Pacific West ,WA,2019,12,72359,272476,514,509,163,3245806,16899047,134569,73701,96864
22486,Petrified Forest NP,National Park,Intermountain ,AZ,2010,12,25760,61713,0,0,10,664725,1660293,0,0,300
22498,Petrified Forest NP,National Park,Intermountain ,AZ,2011,12,19887,48311,0,0,3,614054,1540281,0,0,252
22510,Petrified Forest NP,National Park,Intermountain ,AZ,2012,12,24808,60693,0,0,7,664857,1666541,0,0,257
22522,Petrified Forest NP,National Park,Intermountain ,AZ,2013,12,13948,30622,0,0,4,644648,1618506,0,0,264
22534,Petrified Forest NP,National Park,Intermountain ,AZ,2014,12,35281,87112,0,0,5,836799,2099086,0,0,252
22546,Petrified Forest NP,National Park,Intermountain ,AZ,2015,12,32801,82864,0,0,10,793225,2021989,0,0,437
22558,Petrified Forest NP,National Park,Intermountain ,AZ,2016,12,24567,61584,0,0,10,643274,1570133,0,0,486
22570,Petrified Forest NP,National Park,Intermountain ,AZ,2017,12,29494,75409,0,0,78,627757,1732841,0,0,1401
22582,Petrified Forest NP,National Park,Intermountain ,AZ,2018,12,24657,57125,0,0,43,644922,1725278,0,0,1166
22594,Petrified Forest NP,National Park,Intermountain ,AZ,2019,12,32440,85927,0,0,51,643588,1701149,0,0,1451
22978,Pinnacles NP,National Park,Pacific West ,CA,2010,12,9476,35867,0,0,0,246575,1115009,0,0,0
22990,Pinnacles NP,National Park,Pacific West ,CA,2011,12,26752,94690,0,0,0,393219,1405009,0,0,0
23002,Pinnacles NP,National Park,Pacific West ,CA,2012,12,26752,94690,0,0,0,224476,814293,0,0,0
23014,Pinnacles NP,National Park,Pacific West ,CA,2013,12,12626,45080,0,0,0,237677,867601,0,0,0
23026,Pinnacles NP,National Park,Pacific West ,CA,2014,12,13108,47516,0,0,0,196635,708574,0,0,0
23038,Pinnacles NP,National Park,Pacific West ,CA,2015,12,13616,48703,0,0,0,206533,739017,0,0,0
23050,Pinnacles NP,National Park,Pacific West ,CA,2016,12,16259,58229,0,0,0,215555,771393,0,0,0
23062,Pinnacles NP,National Park,Pacific West ,CA,2017,12,17825,63627,0,0,0,233334,836253,0,0,0
23074,Pinnacles NP,National Park,Pacific West ,CA,2018,12,16429,59293,0,0,0,222152,795090,0,0,0
23086,Pinnacles NP,National Park,Pacific West ,CA,2019,12,12115,43594,0,0,0,177224,634536,0,0,0
23470,Redwood NP,National Park,Pacific West ,CA,2010,12,19073,67017,20,0,3,418820,1617229,1758,0,903
23482,Redwood NP,National Park,Pacific West ,CA,2011,12,13921,49197,0,0,22,380167,1436388,1294,0,1330
23494,Redwood NP,National Park,Pacific West ,CA,2012,12,20051,71172,28,0,17,352517,1296303,1362,0,1255
23506,Redwood NP,National Park,Pacific West ,CA,2013,12,17117,62208,92,0,51,393364,1577917,3567,0,3096
23518,Redwood NP,National Park,Pacific West ,CA,2014,12,19368,68124,188,0,9,429166,1696057,3676,0,3829
23530,Redwood NP,National Park,Pacific West ,CA,2015,12,26155,92749,59,0,54,527143,2048943,4554,0,4394
23542,Redwood NP,National Park,Pacific West ,CA,2016,12,23384,84783,107,0,34,536297,2070324,4979,0,4681
23554,Redwood NP,National Park,Pacific West ,CA,2017,12,27009,81672,97,0,75,445000,1731930,3363,0,4769
23566,Redwood NP,National Park,Pacific West ,CA,2018,12,23784,68054,29,0,42,482536,1882690,3711,0,4035
23578,Redwood NP,National Park,Pacific West ,CA,2019,12,19752,70359,50,0,34,504722,1762772,2721,0,3276
23962,Rocky Mountain NP,National Park,Intermountain ,CO,2010,12,66335,401004,42,72,73,2955821,20522155,89514,45354,33405
23974,Rocky Mountain NP,National Park,Intermountain ,CO,2011,12,61749,374283,66,63,108,3176941,22273036,101337,52944,31216
23986,Rocky Mountain NP,National Park,Intermountain ,CO,2012,12,66776,403855,42,54,104,3229617,21925337,84393,39765,29558
23998,Rocky Mountain NP,National Park,Intermountain ,CO,2013,12,81970,495949,69,57,130,2991141,20343289,79782,35472,29870
24010,Rocky Mountain NP,National Park,Intermountain ,CO,2014,12,80032,484083,0,195,48,3434751,23933403,112197,50808,34321
24022,Rocky Mountain NP,National Park,Intermountain ,CO,2015,12,93784,568882,96,54,236,4155916,28840877,124254,60927,46301
24034,Rocky Mountain NP,National Park,Intermountain ,CO,2016,12,91831,558504,210,84,176,4517585,30764140,120981,57321,45223
24046,Rocky Mountain NP,National Park,Intermountain ,CO,2017,12,112830,685156,252,144,115,4437215,30464697,124179,57627,45194
24058,Rocky Mountain NP,National Park,Intermountain ,CO,2018,12,106781,647551,168,99,36,4590493,31379912,117924,71016,46840
24070,Rocky Mountain NP,National Park,Intermountain ,CO,2019,12,113050,687482,252,240,82,4670053,31535363,112791,64809,41213
24454,Saguaro NP,National Park,Intermountain ,AZ,2010,12,51989,76255,0,0,74,717614,1078216,0,0,1568
24466,Saguaro NP,National Park,Intermountain ,AZ,2011,12,52058,73544,0,0,51,610045,924895,0,0,2033
24478,Saguaro NP,National Park,Intermountain ,AZ,2012,12,55941,81532,0,0,94,634286,943789,0,0,1545
24490,Saguaro NP,National Park,Intermountain ,AZ,2013,12,55998,82103,0,0,87,678261,1000102,0,0,1610
24502,Saguaro NP,National Park,Intermountain ,AZ,2014,12,60726,86150,0,0,83,673572,993001,0,0,1377
24514,Saguaro NP,National Park,Intermountain ,AZ,2015,12,64884,95805,0,0,82,753446,1150440,0,0,1846
24526,Saguaro NP,National Park,Intermountain ,AZ,2016,12,91956,109083,0,0,142,820426,1199169,0,0,1868
24538,Saguaro NP,National Park,Intermountain ,AZ,2017,12,89984,91331,0,0,111,964760,1023894,0,0,2339
24550,Saguaro NP,National Park,Intermountain ,AZ,2018,12,62792,63958,0,0,95,957405,1015552,0,0,2058
24562,Saguaro NP,National Park,Intermountain ,AZ,2019,12,96235,103250,0,0,134,1020226,1076297,0,0,2185
24946,Sequoia NP,National Park,Pacific West ,CA,2010,12,28359,136121,219,181,110,1002979,32927347,124138,33696,21594
24958,Sequoia NP,National Park,Pacific West ,CA,2011,12,29990,143952,941,0,104,1006583,32910799,110772,28914,22210
24970,Sequoia NP,National Park,Pacific West ,CA,2012,12,27095,130057,398,51,37,1106584,36281353,117821,28297,21969
24982,Sequoia NP,National Park,Pacific West ,CA,2013,12,28036,134574,423,159,122,909274,29555738,114306,29947,26631
24994,Sequoia NP,National Park,Pacific West ,CA,2014,12,42462,203816,700,267,177,1039137,33453824,129562,34902,29013
25006,Sequoia NP,National Park,Pacific West ,CA,2015,12,42880,205822,343,108,214,1097464,35031293,133833,39448,32436
25018,Sequoia NP,National Park,Pacific West ,CA,2016,12,45768,219689,830,305,318,1254688,40177330,149714,69732,36247
25030,Sequoia NP,National Park,Pacific West ,CA,2017,12,53502,256810,1119,429,336,1291256,41884679,139901,56944,36660
25042,Sequoia NP,National Park,Pacific West ,CA,2018,12,58938,282902,347,0,0,1229594,38429051,142945,78543,37881
25054,Sequoia NP,National Park,Pacific West ,CA,2019,12,45097,216464,585,461,31,1246053,40056963,133088,68679,29871
25438,Shenandoah NP,National Park,Northeast ,VA,2010,12,12379,44149,0,0,258,1253386,10129983,106536,49245,38147
25450,Shenandoah NP,National Park,Northeast ,VA,2011,12,22508,68714,0,0,147,1209883,9577868,97947,43764,36571
25462,Shenandoah NP,National Park,Northeast ,VA,2012,12,18034,61140,0,0,222,1210200,9715409,100821,42849,42133
25474,Shenandoah NP,National Park,Northeast ,VA,2013,12,18089,84092,0,0,345,1136505,8692122,90705,34773,41419
25486,Shenandoah NP,National Park,Northeast ,VA,2014,12,21682,70674,0,0,236,1255321,9538211,106161,45288,40644
25498,Shenandoah NP,National Park,Northeast ,VA,2015,12,35149,104778,0,0,237,1321873,10573047,114873,48231,43348
25510,Shenandoah NP,National Park,Northeast ,VA,2016,12,29597,83240,0,0,116,1437341,11194551,129594,51255,48825
25522,Shenandoah NP,National Park,Northeast ,VA,2017,12,25836,81956,0,0,382,1458874,11288181,115578,51846,59763
25534,Shenandoah NP,National Park,Northeast ,VA,2018,12,22826,67529,0,0,120,1264880,10306163,110256,52431,39980
25546,Shenandoah NP,National Park,Northeast ,VA,2019,12,30183,85577,0,0,159,1425507,10618576,119649,59820,32391
25930,Theodore Roosevelt NP,National Park,Midwest ,ND,2010,12,3891,17682,5,3,0,623748,1937130,11709,14425,732
25942,Theodore Roosevelt NP,National Park,Midwest ,ND,2011,12,4388,19918,8,0,0,563407,1789230,10989,9182,768
25954,Theodore Roosevelt NP,National Park,Midwest ,ND,2012,12,8289,38040,11,22,2,640555,2196828,12663,12569,891
25966,Theodore Roosevelt NP,National Park,Midwest ,ND,2013,12,8416,37936,0,0,3,545090,2105675,13733,13503,841
25978,Theodore Roosevelt NP,National Park,Midwest ,ND,2014,12,3092,14049,3,3,1,559580,2051446,13804,12973,849
25990,Theodore Roosevelt NP,National Park,Midwest ,ND,2015,12,5600,25474,5,5,2,580033,2165040,13967,15011,529
26002,Theodore Roosevelt NP,National Park,Midwest ,ND,2016,12,2141,10052,0,5,14,753880,2623905,14835,17730,232
26014,Theodore Roosevelt NP,National Park,Midwest ,ND,2017,12,1712,7877,8,0,0,708003,2506618,14723,17750,587
26026,Theodore Roosevelt NP,National Park,Midwest ,ND,2018,12,4174,18900,3,3,0,749389,2699165,14707,18235,614
26038,Theodore Roosevelt NP,National Park,Midwest ,ND,2019,12,2519,11785,8,11,2,691658,2657924,16862,20524,735
26422,Virgin Islands NP,National Park,Southeast ,VI,2010,12,41418,254718,0,0,0,493477,3034880,0,0,0
26434,Virgin Islands NP,National Park,Southeast ,VI,2011,12,47922,294722,0,0,0,442414,2720851,0,0,0
26446,Virgin Islands NP,National Park,Southeast ,VI,2012,12,47772,293797,0,0,0,483341,2972554,0,0,0
26458,Virgin Islands NP,National Park,Southeast ,VI,2013,12,47629,292921,0,0,0,438601,2697409,0,0,0
26470,Virgin Islands NP,National Park,Southeast ,VI,2014,12,32996,202923,0,0,0,426930,2625615,0,0,0
26482,Virgin Islands NP,National Park,Southeast ,VI,2015,12,45727,281220,0,0,0,438372,2695983,0,0,0
26494,Virgin Islands NP,National Park,Southeast ,VI,2016,12,46683,287100,0,0,0,411343,2529750,0,0,0
26506,Virgin Islands NP,National Park,Southeast ,VI,2017,12,285,1753,0,0,0,304408,1872116,0,0,0
26518,Virgin Islands NP,National Park,Southeast ,VI,2018,12,2204,13555,0,0,0,112287,690568,0,0,0
26530,Virgin Islands NP,National Park,Southeast ,VI,2019,12,23118,142176,0,0,0,133398,820391,0,0,0
26914,Voyageurs NP,National Park,Midwest ,MN,2010,12,661,1537,0,0,0,253891,3934485,0,0,35560
26926,Voyageurs NP,National Park,Midwest ,MN,2011,12,590,1450,0,0,0,177184,2723742,0,0,21915
26938,Voyageurs NP,National Park,Midwest ,MN,2012,12,471,1405,0,0,0,214841,3262169,0,0,28837
26950,Voyageurs NP,National Park,Midwest ,MN,2013,12,162,162,0,0,0,233390,1396013,0,0,21807
26962,Voyageurs NP,National Park,Midwest ,MN,2014,12,928,3446,0,0,0,239160,1330620,0,0,31941
26974,Voyageurs NP,National Park,Midwest ,MN,2015,12,150,150,0,0,0,238313,1258084,0,0,50462
26986,Voyageurs NP,National Park,Midwest ,MN,2016,12,196,196,0,0,0,241912,1303956,0,0,46451
26998,Voyageurs NP,National Park,Midwest ,MN,2017,12,110,110,0,0,0,237250,1243694,0,0,53539
27010,Voyageurs NP,National Park,Midwest ,MN,2018,12,152,152,0,0,0,239656,1192456,0,0,59499
27022,Voyageurs NP,National Park,Midwest ,MN,2019,12,249,437,0,0,0,232974,1180880,0,0,45262
27406,White Sands NP,National Park,Intermountain ,NM,2010,12,29754,49982,0,0,80,470921,795960,0,0,1811
27418,White Sands NP,National Park,Intermountain ,NM,2011,12,23175,38774,0,0,51,428924,735185,0,0,2185
27430,White Sands NP,National Park,Intermountain ,NM,2012,12,28684,47700,0,0,59,447385,760066,0,0,2272
27442,White Sands NP,National Park,Intermountain ,NM,2013,12,36768,69244,0,0,79,490544,1236024,0,0,2284
27454,White Sands NP,National Park,Intermountain ,NM,2014,12,27254,73657,0,0,83,503660,1036285,0,0,2087
27466,White Sands NP,National Park,Intermountain ,NM,2015,12,24898,67353,0,0,124,497506,1257203,0,0,3516
27478,White Sands NP,National Park,Intermountain ,NM,2016,12,36772,99728,0,0,203,555793,1409101,0,0,4331
27490,White Sands NP,National Park,Intermountain ,NM,2017,12,45182,123669,0,0,345,612468,1549914,0,0,5259
27502,White Sands NP,National Park,Intermountain ,NM,2018,12,17051,59112,0,0,103,603008,1514201,0,0,4125
27514,White Sands NP,National Park,Intermountain ,NM,2019,12,49057,132396,0,0,249,608785,1521903,0,0,4243
27898,Wind Cave NP,National Park,Midwest ,SD,2010,12,11865,19493,1,1,0,577141,1628000,1623,1344,296
27910,Wind Cave NP,National Park,Midwest ,SD,2011,12,16869,27731,0,0,0,538394,1508724,1645,1160,249
27922,Wind Cave NP,National Park,Midwest ,SD,2012,12,17811,29139,2,2,0,529083,1552259,3601,2758,226
27934,Wind Cave NP,National Park,Midwest ,SD,2013,12,12758,21219,3,0,2,516142,1621332,5866,4612,219
27946,Wind Cave NP,National Park,Midwest ,SD,2014,12,14453,23874,0,0,0,547022,1672929,3814,4714,220
27958,Wind Cave NP,National Park,Midwest ,SD,2015,12,11604,19475,1,3,0,612198,1798805,2420,3804,179
27970,Wind Cave NP,National Park,Midwest ,SD,2016,12,11774,19688,0,0,0,617377,1886762,4093,4401,493
27982,Wind Cave NP,National Park,Midwest ,SD,2017,12,11774,19804,0,6,0,619924,1937618,6197,4670,452
27994,Wind Cave NP,National Park,Midwest ,SD,2018,12,11247,18316,2,0,0,656397,1986661,4333,4164,437
28006,Wind Cave NP,National Park,Midwest ,SD,2019,12,11158,17893,0,0,2,615350,1735378,3632,3715,369
28354,Wrangell-St. Elias NP & PRES,National Park,Alaska,AK,2010,12,35,1610,0,0,0,73170,3365820,0,0,0
28366,Wrangell-St. Elias NP & PRES,National Park,Alaska,AK,2011,12,35,1610,0,0,0,65225,3000338,0,0,0
28378,Wrangell-St. Elias NP & PRES,National Park,Alaska,AK,2012,12,35,1610,0,0,0,87158,4009248,0,0,0
28390,Wrangell-St. Elias NP & PRES,National Park,Alaska,AK,2013,12,35,1610,0,0,0,69984,3219297,0,0,0
28402,Wrangell-St. Elias NP & PRES,National Park,Alaska,AK,2014,12,35,1610,0,0,0,74722,3437186,0,0,0
28414,Wrangell-St. Elias NP & PRES,National Park,Alaska,AK,2015,12,35,1610,0,0,0,80366,3696810,0,0,0
28426,Wrangell-St. Elias NP & PRES,National Park,Alaska,AK,2016,12,35,1610,0,0,0,79047,3636217,0,0,0
28438,Wrangell-St. Elias NP & PRES,National Park,Alaska,AK,2017,12,35,1610,0,0,0,68292,3141451,0,0,0
28450,Wrangell-St. Elias NP & PRES,National Park,Alaska,AK,2018,12,35,1610,0,0,0,79450,3654688,0,0,0
28462,Wrangell-St. Elias NP & PRES,National Park,Alaska,AK,2019,12,35,1610,0,0,0,74518,3427825,0,0,0
28846,Yellowstone NP,National Park,Intermountain ,WY,2010,12,17388,260317,93,77,71,3640185,75033809,87580,69825,45045
28858,Yellowstone NP,National Park,Intermountain ,WY,2011,12,16514,303742,54,58,76,3394326,71475307,79585,60168,37292
28870,Yellowstone NP,National Park,Intermountain ,WY,2012,12,18472,299743,122,109,83,3447729,73778317,89249,64463,40460
28882,Yellowstone NP,National Park,Intermountain ,WY,2013,12,17378,272054,54,64,52,3188030,70261725,88762,63897,40623
28894,Yellowstone NP,National Park,Intermountain ,WY,2014,12,18340,356848,93,157,79,3513484,73680075,86281,77383,41243
28906,Yellowstone NP,National Park,Intermountain ,WY,2015,12,20470,373622,70,83,46,4097710,82016845,104149,69830,44898
28918,Yellowstone NP,National Park,Intermountain ,WY,2016,12,19685,315352,42,118,143,4257177,84411927,101639,68991,44663
28930,Yellowstone NP,National Park,Intermountain ,WY,2017,12,21294,367852,125,131,50,4116524,84149763,96293,69723,43378
28942,Yellowstone NP,National Park,Intermountain ,WY,2018,12,22380,276390,134,176,16,4115000,84567084,88562,74771,41978
28954,Yellowstone NP,National Park,Intermountain ,WY,2019,12,25506,400924,144,195,53,4020288,80349419,81022,80294,38236
29338,Yosemite NP,National Park,Pacific West ,CA,2010,12,98893,857431,928,1456,0,3901408,67692499,526026,265920,125136
29350,Yosemite NP,National Park,Pacific West ,CA,2011,12,127621,1813179,1099,2872,283,3951393,65414044,505390,226304,103420
29362,Yosemite NP,National Park,Pacific West ,CA,2012,12,125314,1532845,1917,1344,304,3853404,67760801,537451,260136,168783
29374,Yosemite NP,National Park,Pacific West ,CA,2013,12,131479,1906389,2374,2072,373,3691191,64042982,459565,241656,172353
29386,Yosemite NP,National Park,Pacific West ,CA,2014,12,134491,2109021,3772,3692,547,3882642,67576000,480094,166744,190339
29398,Yosemite NP,National Park,Pacific West ,CA,2015,12,140241,2466661,2875,2204,0,4150217,78505877,588701,284372,211966
29410,Yosemite NP,National Park,Pacific West ,CA,2016,12,160646,1975116,3341,2096,0,5028868,77763403,490431,376744,216989
29422,Yosemite NP,National Park,Pacific West ,CA,2017,12,127276,2038620,6783,6284,467,4336890,71264549,456476,293844,167507
29434,Yosemite NP,National Park,Pacific West ,CA,2018,12,311179,2719210,4369,5036,833,4009436,59529503,354819,259748,124577
29446,Yosemite NP,National Park,Pacific West ,CA,2019,12,149188,1967075,4018,3932,88,4422861,65508566,469585,211948,155578
29830,Zion NP,National Park,Intermountain ,UT,2010,12,69701,420659,334,435,67,2665972,18586475,98189,72805,36544
29842,Zion NP,National Park,Intermountain ,UT,2011,12,76687,475290,626,541,180,2825505,19520895,102922,72333,40344
29854,Zion NP,National Park,Intermountain ,UT,2012,12,70981,464761,787,938,208,2973607,21048026,111096,78864,48932
29866,Zion NP,National Park,Intermountain ,UT,2013,12,75903,470259,667,621,137,2807387,20643685,112429,76253,54336
29878,Zion NP,National Park,Intermountain ,UT,2014,12,101986,716264,1562,1226,161,3189696,22366160,126194,77932,23257
29890,Zion NP,National Park,Intermountain ,UT,2015,12,97503,646629,1500,1343,149,3648846,25028289,133528,73783,24655
29902,Zion NP,National Park,Intermountain ,UT,2016,12,124438,815321,1633,1099,760,4295127,28963497,137442,70728,28248
29914,Zion NP,National Park,Intermountain ,UT,2017,12,138866,914219,2560,1585,359,4504812,30274711,138245,72425,25470
29926,Zion NP,National Park,Intermountain ,UT,2018,12,147794,955517,1780,1329,146,4320033,29913878,132988,72016,22964
29938,Zion NP,National Park,Intermountain ,UT,2019,12,171706,1058308,1895,1493,166,4488268,28715546,118290,78704,18320
